;RAZRED NETO;2009 SLOVENIJA SPOL - SKUPAJ;2009 SLOVENIJA MOSKI;2009 SLOVENIJA ZENSKE;2009 POMURSKA SPOL - SKUPAJ;2009 POMURSKA MOSKI;2009 POMURSKA ZENSKE;2009 PODRAVSKA SPOL - SKUPAJ;2009 PODRAVSKA MOSKI;2009 PODRAVSKA ZENSKE;2009 KOROSKA SPOL - SKUPAJ;2009 KOROSKA MOSKI;2009 KOROSKA ZENSKE;2009 SAVINJSKA SPOL - SKUPAJ;2009 SAVINJSKA MOSKI;2009 SAVINJSKA ZENSKE;2009 ZASAVSKA SPOL - SKUPAJ;2009 ZASAVSKA MOSKI;2009 ZASAVSKA ZENSKE;2009 POSAVSKA SPOL - SKUPAJ;2009 POSAVSKA MOSKI;2009 POSAVSKA ZENSKE;2009 JUGOVZHODNA SLOVENIJA SPOL - SKUPAJ;2009 JUGOVZHODNA SLOVENIJA MOSKI;2009 JUGOVZHODNA SLOVENIJA ZENSKE;2009 OSREDNJESLOVENSKA SPOL - SKUPAJ;2009 OSREDNJESLOVENSKA MOSKI;2009 OSREDNJESLOVENSKA ZENSKE;2009 GORENJSKA SPOL - SKUPAJ;2009 GORENJSKA MOSKI;2009 GORENJSKA ZENSKE;2009 PRIMORSKO-NOTRANJSKA SPOL - SKUPAJ;2009 PRIMORSKO-NOTRANJSKA MOSKI;2009 PRIMORSKO-NOTRANJSKA ZENSKE;2009 GORISKA SPOL - SKUPAJ;2009 GORISKA MOSKI;2009 GORISKA ZENSKE;2009 OBALNO-KRASKA SPOL - SKUPAJ;2009 OBALNO-KRASKA MOSKI;2009 OBALNO-KRASKA ZENSKE;2010 SLOVENIJA SPOL - SKUPAJ;2010 SLOVENIJA MOSKI;2010 SLOVENIJA ZENSKE;2010 POMURSKA SPOL - SKUPAJ;2010 POMURSKA MOSKI;2010 POMURSKA ZENSKE;2010 PODRAVSKA SPOL - SKUPAJ;2010 PODRAVSKA MOSKI;2010 PODRAVSKA ZENSKE;2010 KOROSKA SPOL - SKUPAJ;2010 KOROSKA MOSKI;2010 KOROSKA ZENSKE;2010 SAVINJSKA SPOL - SKUPAJ;2010 SAVINJSKA MOSKI;2010 SAVINJSKA ZENSKE;2010 ZASAVSKA SPOL - SKUPAJ;2010 ZASAVSKA MOSKI;2010 ZASAVSKA ZENSKE;2010 POSAVSKA SPOL - SKUPAJ;2010 POSAVSKA MOSKI;2010 POSAVSKA ZENSKE;2010 JUGOVZHODNA SLOVENIJA SPOL - SKUPAJ;2010 JUGOVZHODNA SLOVENIJA MOSKI;2010 JUGOVZHODNA SLOVENIJA ZENSKE;2010 OSREDNJESLOVENSKA SPOL - SKUPAJ;2010 OSREDNJESLOVENSKA MOSKI;2010 OSREDNJESLOVENSKA ZENSKE;2010 GORENJSKA SPOL - SKUPAJ;2010 GORENJSKA MOSKI;2010 GORENJSKA ZENSKE;2010 PRIMORSKO-NOTRANJSKA SPOL - SKUPAJ;2010 PRIMORSKO-NOTRANJSKA MOSKI;2010 PRIMORSKO-NOTRANJSKA ZENSKE;2010 GORISKA SPOL - SKUPAJ;2010 GORISKA MOSKI;2010 GORISKA ZENSKE;2010 OBALNO-KRASKA SPOL - SKUPAJ;2010 OBALNO-KRASKA MOSKI;2010 OBALNO-KRASKA ZENSKE;2011 SLOVENIJA SPOL - SKUPAJ;2011 SLOVENIJA MOSKI;2011 SLOVENIJA ZENSKE;2011 POMURSKA SPOL - SKUPAJ;2011 POMURSKA MOSKI;2011 POMURSKA ZENSKE;2011 PODRAVSKA SPOL - SKUPAJ;2011 PODRAVSKA MOSKI;2011 PODRAVSKA ZENSKE;2011 KOROSKA SPOL - SKUPAJ;2011 KOROSKA MOSKI;2011 KOROSKA ZENSKE;2011 SAVINJSKA SPOL - SKUPAJ;2011 SAVINJSKA MOSKI;2011 SAVINJSKA ZENSKE;2011 ZASAVSKA SPOL - SKUPAJ;2011 ZASAVSKA MOSKI;2011 ZASAVSKA ZENSKE;2011 POSAVSKA SPOL - SKUPAJ;2011 POSAVSKA MOSKI;2011 POSAVSKA ZENSKE;2011 JUGOVZHODNA SLOVENIJA SPOL - SKUPAJ;2011 JUGOVZHODNA SLOVENIJA MOSKI;2011 JUGOVZHODNA SLOVENIJA ZENSKE;2011 OSREDNJESLOVENSKA SPOL - SKUPAJ;2011 OSREDNJESLOVENSKA MOSKI;2011 OSREDNJESLOVENSKA ZENSKE;2011 GORENJSKA SPOL - SKUPAJ;2011 GORENJSKA MOSKI;2011 GORENJSKA ZENSKE;2011 PRIMORSKO-NOTRANJSKA SPOL - SKUPAJ;2011 PRIMORSKO-NOTRANJSKA MOSKI;2011 PRIMORSKO-NOTRANJSKA ZENSKE;2011 GORISKA SPOL - SKUPAJ;2011 GORISKA MOSKI;2011 GORISKA ZENSKE;2011 OBALNO-KRASKA SPOL - SKUPAJ;2011 OBALNO-KRASKA MOSKI;2011 OBALNO-KRASKA ZENSKE;2012 SLOVENIJA SPOL - SKUPAJ;2012 SLOVENIJA MOSKI;2012 SLOVENIJA ZENSKE;2012 POMURSKA SPOL - SKUPAJ;2012 POMURSKA MOSKI;2012 POMURSKA ZENSKE;2012 PODRAVSKA SPOL - SKUPAJ;2012 PODRAVSKA MOSKI;2012 PODRAVSKA ZENSKE;2012 KOROSKA SPOL - SKUPAJ;2012 KOROSKA MOSKI;2012 KOROSKA ZENSKE;2012 SAVINJSKA SPOL - SKUPAJ;2012 SAVINJSKA MOSKI;2012 SAVINJSKA ZENSKE;2012 ZASAVSKA SPOL - SKUPAJ;2012 ZASAVSKA MOSKI;2012 ZASAVSKA ZENSKE;2012 POSAVSKA SPOL - SKUPAJ;2012 POSAVSKA MOSKI;2012 POSAVSKA ZENSKE;2012 JUGOVZHODNA SLOVENIJA SPOL - SKUPAJ;2012 JUGOVZHODNA SLOVENIJA MOSKI;2012 JUGOVZHODNA SLOVENIJA ZENSKE;2012 OSREDNJESLOVENSKA SPOL - SKUPAJ;2012 OSREDNJESLOVENSKA MOSKI;2012 OSREDNJESLOVENSKA ZENSKE;2012 GORENJSKA SPOL - SKUPAJ;2012 GORENJSKA MOSKI;2012 GORENJSKA ZENSKE;2012 PRIMORSKO-NOTRANJSKA SPOL - SKUPAJ;2012 PRIMORSKO-NOTRANJSKA MOSKI;2012 PRIMORSKO-NOTRANJSKA ZENSKE;2012 GORISKA SPOL - SKUPAJ;2012 GORISKA MOSKI;2012 GORISKA ZENSKE;2012 OBALNO-KRASKA SPOL - SKUPAJ;2012 OBALNO-KRASKA MOSKI;2012 OBALNO-KRASKA ZENSKE;2013 SLOVENIJA SPOL - SKUPAJ;2013 SLOVENIJA MOSKI;2013 SLOVENIJA ZENSKE;2013 POMURSKA SPOL - SKUPAJ;2013 POMURSKA MOSKI;2013 POMURSKA ZENSKE;2013 PODRAVSKA SPOL - SKUPAJ;2013 PODRAVSKA MOSKI;2013 PODRAVSKA ZENSKE;2013 KOROSKA SPOL - SKUPAJ;2013 KOROSKA MOSKI;2013 KOROSKA ZENSKE;2013 SAVINJSKA SPOL - SKUPAJ;2013 SAVINJSKA MOSKI;2013 SAVINJSKA ZENSKE;2013 ZASAVSKA SPOL - SKUPAJ;2013 ZASAVSKA MOSKI;2013 ZASAVSKA ZENSKE;2013 POSAVSKA SPOL - SKUPAJ;2013 POSAVSKA MOSKI;2013 POSAVSKA ZENSKE;2013 JUGOVZHODNA SLOVENIJA SPOL - SKUPAJ;2013 JUGOVZHODNA SLOVENIJA MOSKI;2013 JUGOVZHODNA SLOVENIJA ZENSKE;2013 OSREDNJESLOVENSKA SPOL - SKUPAJ;2013 OSREDNJESLOVENSKA MOSKI;2013 OSREDNJESLOVENSKA ZENSKE;2013 GORENJSKA SPOL - SKUPAJ;2013 GORENJSKA MOSKI;2013 GORENJSKA ZENSKE;2013 PRIMORSKO-NOTRANJSKA SPOL - SKUPAJ;2013 PRIMORSKO-NOTRANJSKA MOSKI;2013 PRIMORSKO-NOTRANJSKA ZENSKE;2013 GORISKA SPOL - SKUPAJ;2013 GORISKA MOSKI;2013 GORISKA ZENSKE;2013 OBALNO-KRASKA SPOL - SKUPAJ;2013 OBALNO-KRASKA MOSKI;2013 OBALNO-KRASKA ZENSKE;2014 SLOVENIJA SPOL - SKUPAJ;2014 SLOVENIJA MOSKI;2014 SLOVENIJA ZENSKE;2014 POMURSKA SPOL - SKUPAJ;2014 POMURSKA MOSKI;2014 POMURSKA ZENSKE;2014 PODRAVSKA SPOL - SKUPAJ;2014 PODRAVSKA MOSKI;2014 PODRAVSKA ZENSKE;2014 KOROSKA SPOL - SKUPAJ;2014 KOROSKA MOSKI;2014 KOROSKA ZENSKE;2014 SAVINJSKA SPOL - SKUPAJ;2014 SAVINJSKA MOSKI;2014 SAVINJSKA ZENSKE;2014 ZASAVSKA SPOL - SKUPAJ;2014 ZASAVSKA MOSKI;2014 ZASAVSKA ZENSKE;2014 POSAVSKA SPOL - SKUPAJ;2014 POSAVSKA MOSKI;2014 POSAVSKA ZENSKE;2014 JUGOVZHODNA SLOVENIJA SPOL - SKUPAJ;2014 JUGOVZHODNA SLOVENIJA MOSKI;2014 JUGOVZHODNA SLOVENIJA ZENSKE;2014 OSREDNJESLOVENSKA SPOL - SKUPAJ;2014 OSREDNJESLOVENSKA MOSKI;2014 OSREDNJESLOVENSKA ZENSKE;2014 GORENJSKA SPOL - SKUPAJ;2014 GORENJSKA MOSKI;2014 GORENJSKA ZENSKE;2014 PRIMORSKO-NOTRANJSKA SPOL - SKUPAJ;2014 PRIMORSKO-NOTRANJSKA MOSKI;2014 PRIMORSKO-NOTRANJSKA ZENSKE;2014 GORISKA SPOL - SKUPAJ;2014 GORISKA MOSKI;2014 GORISKA ZENSKE;2014 OBALNO-KRASKA SPOL - SKUPAJ;2014 OBALNO-KRASKA MOSKI;2014 OBALNO-KRASKA ZENSKE;2015 SLOVENIJA SPOL - SKUPAJ;2015 SLOVENIJA MOSKI;2015 SLOVENIJA ZENSKE;2015 POMURSKA SPOL - SKUPAJ;2015 POMURSKA MOSKI;2015 POMURSKA ZENSKE;2015 PODRAVSKA SPOL - SKUPAJ;2015 PODRAVSKA MOSKI;2015 PODRAVSKA ZENSKE;2015 KOROSKA SPOL - SKUPAJ;2015 KOROSKA MOSKI;2015 KOROSKA ZENSKE;2015 SAVINJSKA SPOL - SKUPAJ;2015 SAVINJSKA MOSKI;2015 SAVINJSKA ZENSKE;2015 ZASAVSKA SPOL - SKUPAJ;2015 ZASAVSKA MOSKI;2015 ZASAVSKA ZENSKE;2015 POSAVSKA SPOL - SKUPAJ;2015 POSAVSKA MOSKI;2015 POSAVSKA ZENSKE;2015 JUGOVZHODNA SLOVENIJA SPOL - SKUPAJ;2015 JUGOVZHODNA SLOVENIJA MOSKI;2015 JUGOVZHODNA SLOVENIJA ZENSKE;2015 OSREDNJESLOVENSKA SPOL - SKUPAJ;2015 OSREDNJESLOVENSKA MOSKI;2015 OSREDNJESLOVENSKA ZENSKE;2015 GORENJSKA SPOL - SKUPAJ;2015 GORENJSKA MOSKI;2015 GORENJSKA ZENSKE;2015 PRIMORSKO-NOTRANJSKA SPOL - SKUPAJ;2015 PRIMORSKO-NOTRANJSKA MOSKI;2015 PRIMORSKO-NOTRANJSKA ZENSKE;2015 GORISKA SPOL - SKUPAJ;2015 GORISKA MOSKI;2015 GORISKA ZENSKE;2015 OBALNO-KRASKA SPOL - SKUPAJ;2015 OBALNO-KRASKA MOSKI;2015 OBALNO-KRASKA ZENSKE;2016 SLOVENIJA SPOL - SKUPAJ;2016 SLOVENIJA MOSKI;2016 SLOVENIJA ZENSKE;2016 POMURSKA SPOL - SKUPAJ;2016 POMURSKA MOSKI;2016 POMURSKA ZENSKE;2016 PODRAVSKA SPOL - SKUPAJ;2016 PODRAVSKA MOSKI;2016 PODRAVSKA ZENSKE;2016 KOROSKA SPOL - SKUPAJ;2016 KOROSKA MOSKI;2016 KOROSKA ZENSKE;2016 SAVINJSKA SPOL - SKUPAJ;2016 SAVINJSKA MOSKI;2016 SAVINJSKA ZENSKE;2016 ZASAVSKA SPOL - SKUPAJ;2016 ZASAVSKA MOSKI;2016 ZASAVSKA ZENSKE;2016 POSAVSKA SPOL - SKUPAJ;2016 POSAVSKA MOSKI;2016 POSAVSKA ZENSKE;2016 JUGOVZHODNA SLOVENIJA SPOL - SKUPAJ;2016 JUGOVZHODNA SLOVENIJA MOSKI;2016 JUGOVZHODNA SLOVENIJA ZENSKE;2016 OSREDNJESLOVENSKA SPOL - SKUPAJ;2016 OSREDNJESLOVENSKA MOSKI;2016 OSREDNJESLOVENSKA ZENSKE;2016 GORENJSKA SPOL - SKUPAJ;2016 GORENJSKA MOSKI;2016 GORENJSKA ZENSKE;2016 PRIMORSKO-NOTRANJSKA SPOL - SKUPAJ;2016 PRIMORSKO-NOTRANJSKA MOSKI;2016 PRIMORSKO-NOTRANJSKA ZENSKE;2016 GORISKA SPOL - SKUPAJ;2016 GORISKA MOSKI;2016 GORISKA ZENSKE;2016 OBALNO-KRASKA SPOL - SKUPAJ;2016 OBALNO-KRASKA MOSKI;2016 OBALNO-KRASKA ZENSKE;2017 SLOVENIJA SPOL - SKUPAJ;2017 SLOVENIJA MOSKI;2017 SLOVENIJA ZENSKE;2017 POMURSKA SPOL - SKUPAJ;2017 POMURSKA MOSKI;2017 POMURSKA ZENSKE;2017 PODRAVSKA SPOL - SKUPAJ;2017 PODRAVSKA MOSKI;2017 PODRAVSKA ZENSKE;2017 KOROSKA SPOL - SKUPAJ;2017 KOROSKA MOSKI;2017 KOROSKA ZENSKE;2017 SAVINJSKA SPOL - SKUPAJ;2017 SAVINJSKA MOSKI;2017 SAVINJSKA ZENSKE;2017 ZASAVSKA SPOL - SKUPAJ;2017 ZASAVSKA MOSKI;2017 ZASAVSKA ZENSKE;2017 POSAVSKA SPOL - SKUPAJ;2017 POSAVSKA MOSKI;2017 POSAVSKA ZENSKE;2017 JUGOVZHODNA SLOVENIJA SPOL - SKUPAJ;2017 JUGOVZHODNA SLOVENIJA MOSKI;2017 JUGOVZHODNA SLOVENIJA ZENSKE;2017 OSREDNJESLOVENSKA SPOL - SKUPAJ;2017 OSREDNJESLOVENSKA MOSKI;2017 OSREDNJESLOVENSKA ZENSKE;2017 GORENJSKA SPOL - SKUPAJ;2017 GORENJSKA MOSKI;2017 GORENJSKA ZENSKE;2017 PRIMORSKO-NOTRANJSKA SPOL - SKUPAJ;2017 PRIMORSKO-NOTRANJSKA MOSKI;2017 PRIMORSKO-NOTRANJSKA ZENSKE;2017 GORISKA SPOL - SKUPAJ;2017 GORISKA MOSKI;2017 GORISKA ZENSKE;2017 OBALNO-KRASKA SPOL - SKUPAJ;2017 OBALNO-KRASKA MOSKI;2017 OBALNO-KRASKA ZENSKE;2018 SLOVENIJA SPOL - SKUPAJ;2018 SLOVENIJA MOSKI;2018 SLOVENIJA ZENSKE;2018 POMURSKA SPOL - SKUPAJ;2018 POMURSKA MOSKI;2018 POMURSKA ZENSKE;2018 PODRAVSKA SPOL - SKUPAJ;2018 PODRAVSKA MOSKI;2018 PODRAVSKA ZENSKE;2018 KOROSKA SPOL - SKUPAJ;2018 KOROSKA MOSKI;2018 KOROSKA ZENSKE;2018 SAVINJSKA SPOL - SKUPAJ;2018 SAVINJSKA MOSKI;2018 SAVINJSKA ZENSKE;2018 ZASAVSKA SPOL - SKUPAJ;2018 ZASAVSKA MOSKI;2018 ZASAVSKA ZENSKE;2018 POSAVSKA SPOL - SKUPAJ;2018 POSAVSKA MOSKI;2018 POSAVSKA ZENSKE;2018 JUGOVZHODNA SLOVENIJA SPOL - SKUPAJ;2018 JUGOVZHODNA SLOVENIJA MOSKI;2018 JUGOVZHODNA SLOVENIJA ZENSKE;2018 OSREDNJESLOVENSKA SPOL - SKUPAJ;2018 OSREDNJESLOVENSKA MOSKI;2018 OSREDNJESLOVENSKA ZENSKE;2018 GORENJSKA SPOL - SKUPAJ;2018 GORENJSKA MOSKI;2018 GORENJSKA ZENSKE;2018 PRIMORSKO-NOTRANJSKA SPOL - SKUPAJ;2018 PRIMORSKO-NOTRANJSKA MOSKI;2018 PRIMORSKO-NOTRANJSKA ZENSKE;2018 GORISKA SPOL - SKUPAJ;2018 GORISKA MOSKI;2018 GORISKA ZENSKE;2018 OBALNO-KRASKA SPOL - SKUPAJ;2018 OBALNO-KRASKA MOSKI;2018 OBALNO-KRASKA ZENSKE;2019 SLOVENIJA SPOL - SKUPAJ;2019 SLOVENIJA MOSKI;2019 SLOVENIJA ZENSKE;2019 POMURSKA SPOL - SKUPAJ;2019 POMURSKA MOSKI;2019 POMURSKA ZENSKE;2019 PODRAVSKA SPOL - SKUPAJ;2019 PODRAVSKA MOSKI;2019 PODRAVSKA ZENSKE;2019 KOROSKA SPOL - SKUPAJ;2019 KOROSKA MOSKI;2019 KOROSKA ZENSKE;2019 SAVINJSKA SPOL - SKUPAJ;2019 SAVINJSKA MOSKI;2019 SAVINJSKA ZENSKE;2019 ZASAVSKA SPOL - SKUPAJ;2019 ZASAVSKA MOSKI;2019 ZASAVSKA ZENSKE;2019 POSAVSKA SPOL - SKUPAJ;2019 POSAVSKA MOSKI;2019 POSAVSKA ZENSKE;2019 JUGOVZHODNA SLOVENIJA SPOL - SKUPAJ;2019 JUGOVZHODNA SLOVENIJA MOSKI;2019 JUGOVZHODNA SLOVENIJA ZENSKE;2019 OSREDNJESLOVENSKA SPOL - SKUPAJ;2019 OSREDNJESLOVENSKA MOSKI;2019 OSREDNJESLOVENSKA ZENSKE;2019 GORENJSKA SPOL - SKUPAJ;2019 GORENJSKA MOSKI;2019 GORENJSKA ZENSKE;2019 PRIMORSKO-NOTRANJSKA SPOL - SKUPAJ;2019 PRIMORSKO-NOTRANJSKA MOSKI;2019 PRIMORSKO-NOTRANJSKA ZENSKE;2019 GORISKA SPOL - SKUPAJ;2019 GORISKA MOSKI;2019 GORISKA ZENSKE;2019 OBALNO-KRASKA SPOL - SKUPAJ;2019 OBALNO-KRASKA MOSKI;2019 OBALNO-KRASKA ZENSKE;2020 SLOVENIJA SPOL - SKUPAJ;2020 SLOVENIJA MOSKI;2020 SLOVENIJA ZENSKE;2020 POMURSKA SPOL - SKUPAJ;2020 POMURSKA MOSKI;2020 POMURSKA ZENSKE;2020 PODRAVSKA SPOL - SKUPAJ;2020 PODRAVSKA MOSKI;2020 PODRAVSKA ZENSKE;2020 KOROSKA SPOL - SKUPAJ;2020 KOROSKA MOSKI;2020 KOROSKA ZENSKE;2020 SAVINJSKA SPOL - SKUPAJ;2020 SAVINJSKA MOSKI;2020 SAVINJSKA ZENSKE;2020 ZASAVSKA SPOL - SKUPAJ;2020 ZASAVSKA MOSKI;2020 ZASAVSKA ZENSKE;2020 POSAVSKA SPOL - SKUPAJ;2020 POSAVSKA MOSKI;2020 POSAVSKA ZENSKE;2020 JUGOVZHODNA SLOVENIJA SPOL - SKUPAJ;2020 JUGOVZHODNA SLOVENIJA MOSKI;2020 JUGOVZHODNA SLOVENIJA ZENSKE;2020 OSREDNJESLOVENSKA SPOL - SKUPAJ;2020 OSREDNJESLOVENSKA MOSKI;2020 OSREDNJESLOVENSKA ZENSKE;2020 GORENJSKA SPOL - SKUPAJ;2020 GORENJSKA MOSKI;2020 GORENJSKA ZENSKE;2020 PRIMORSKO-NOTRANJSKA SPOL - SKUPAJ;2020 PRIMORSKO-NOTRANJSKA MOSKI;2020 PRIMORSKO-NOTRANJSKA ZENSKE;2020 GORISKA SPOL - SKUPAJ;2020 GORISKA MOSKI;2020 GORISKA ZENSKE;2020 OBALNO-KRASKA SPOL - SKUPAJ;2020 OBALNO-KRASKA MOSKI;2020 OBALNO-KRASKA ZENSKE
0;1;29563;17457;12106;923;524;399;4686;2262;2424;697;338;359;4128;2758;1370;454;170;284;1348;847;501;1860;1077;783;9405;5657;3748;2266;1296;970;701;441;260;1410;892;518;1685;1195;490;28240;14772;13468;1349;510;839;4396;1859;2537;646;323;323;3824;2250;1574;462;182;280;909;502;407;1776;887;889;9174;4983;4191;2137;1164;973;787;368;419;1280;764;516;1500;980;520;26382;12668;13714;1220;485;735;4321;1672;2649;666;321;345;3706;1988;1718;420;169;251;742;329;413;1592;801;791;8238;4093;4145;2252;1134;1118;655;277;378;1129;582;547;1441;817;624;26585;12870;13715;1371;574;797;4251;1893;2358;827;392;435;3748;1930;1818;502;177;325;776;341;435;1568;753;815;7985;4054;3931;2297;1141;1156;629;301;328;1133;517;616;1498;797;701;26188;12285;13903;1564;553;1011;4036;1712;2324;747;331;416;3799;1990;1809;413;169;244;747;307;440;1618;752;866;7823;3854;3969;2286;1077;1209;650;318;332;1082;499;583;1423;723;700;26382;12496;13886;1111;500;611;4215;1753;2462;767;316;451;3654;1922;1732;439;158;281;763;329;434;1371;624;747;8449;4269;4180;2222;1014;1208;752;326;426;1188;547;641;1451;738;713;27360;12786;14574;1233;521;712;4142;1784;2358;760;313;447;3573;1852;1721;572;236;336;827;337;490;1606;710;896;8856;4408;4448;2312;1035;1277;717;285;432;1266;538;728;1496;767;729;26557;12641;13916;1307;480;827;4371;1845;2526;685;299;386;3287;1766;1521;494;203;291;832;359;473;1557;729;828;8785;4416;4369;2168;1044;1124;548;231;317;1146;515;631;1377;754;623;27618;13371;14247;1318;457;861;4461;1853;2608;733;314;419;3380;1837;1543;504;218;286;888;405;483;1601;783;818;9606;5012;4594;2084;1027;1057;555;259;296;1064;454;610;1424;752;672;28230;13195;15035;1339;416;923;4510;1596;2914;769;330;439;3409;1793;1616;542;205;337;909;399;510;1629;739;890;9800;5181;4619;2123;990;1133;548;215;333;1100;493;607;1552;838;714;30124;15196;14928;1269;477;792;4718;1900;2818;780;337;443;3749;2055;1694;502;208;294;1021;524;497;1849;924;925;10174;5723;4451;2504;1253;1251;601;243;358;1319;668;651;1638;884;754;29202;16910;12292;1007;463;544;4554;2459;2095;640;294;346;3882;2507;1375;447;199;248;954;630;324;1819;1055;764;9836;5697;4139;2613;1648;965;533;290;243;1249;709;540;1668;959;709
1;2;29687;14822;14865;1536;664;872;4595;2017;2578;1064;340;724;4526;2540;1986;579;211;368;1142;482;660;1976;946;1030;8454;4730;3724;2155;972;1183;843;404;439;1291;613;678;1526;903;623;27947;14101;13846;1740;700;1040;4417;2096;2321;741;283;458;3675;1841;1834;541;195;346;1127;643;484;1550;811;739;8243;4598;3645;2210;1018;1192;842;409;433;1206;582;624;1655;925;730;28644;13145;15499;1469;604;865;4968;2021;2947;833;331;502;4222;2139;2083;543;200;343;884;385;499;1572;784;788;7967;3958;4009;2359;933;1426;839;391;448;1347;568;779;1641;831;810;25761;11440;14321;1535;556;979;4347;1695;2652;700;281;419;3541;1652;1889;452;174;278;917;384;533;1493;728;765;7444;3683;3761;2081;856;1225;677;268;409;1225;511;714;1349;652;697;26793;11334;15459;1546;592;954;4592;1740;2852;804;312;492;3448;1516;1932;453;153;300;853;353;500;1635;691;944;7744;3593;4151;2247;868;1379;678;268;410;1384;552;832;1409;696;713;24965;10667;14298;1206;470;736;4498;1719;2779;693;277;416;3119;1354;1765;442;143;299;831;334;497;1500;668;832;7400;3551;3849;2045;775;1270;658;248;410;1248;494;754;1325;634;691;26234;11490;14744;1348;502;846;4673;1837;2836;656;280;376;3155;1357;1798;529;201;328;941;370;571;1567;697;870;7886;3829;4057;2046;870;1176;720;286;434;1216;481;735;1497;780;717;26497;11477;15020;1495;503;992;4857;1808;3049;643;231;412;3246;1469;1777;524;193;331;907;352;555;1593;716;877;7833;3827;4006;2074;878;1196;641;260;381;1203;508;695;1481;732;749;28121;12615;15506;1496;535;961;5016;1948;3068;651;217;434;3396;1566;1830;612;216;396;946;376;570;1721;840;881;8700;4366;4334;2100;956;1144;609;264;345;1296;527;769;1578;804;774;28983;13829;15154;1589;587;1002;4633;1875;2758;638;252;386;3686;1739;1947;535;227;308;941;426;515;1811;916;895;9247;4910;4337;2256;1079;1177;647;312;335;1409;649;760;1591;857;734;29819;14780;15039;1483;548;935;4649;1935;2714;662;264;398;3833;1794;2039;572;252;320;943;421;522;1786;951;835;9729;5429;4300;2438;1288;1150;706;355;351;1422;655;767;1596;888;708;28661;14721;13940;1274;514;760;4401;1972;2429;726;292;434;3470;1835;1635;518;256;262;866;441;425;1862;953;909;9490;5188;4302;2264;1175;1089;684;376;308;1382;751;631;1724;968;756
2;3;29997;13707;16290;1702;783;919;5099;2289;2810;1076;390;686;4888;2180;2708;561;199;362;955;435;520;2181;1105;1076;7325;3683;3642;2456;998;1458;896;396;500;1413;603;810;1445;646;799;28694;13656;15038;1907;910;997;4933;2327;2606;880;382;498;3958;1833;2125;490;207;283;1000;498;502;1719;899;820;7600;3872;3728;2384;973;1411;847;372;475;1472;602;870;1504;781;723;27353;13386;13967;1701;798;903;4885;2332;2553;765;352;413;3637;1721;1916;419;194;225;1100;592;508;1604;839;765;7377;3914;3463;2287;942;1345;748;350;398;1360;552;808;1470;800;670;28182;13414;14768;1910;851;1059;4889;2219;2670;741;379;362;3718;1742;1976;447;184;263;1001;479;522;1806;897;909;7695;3910;3785;2316;1031;1285;725;332;393;1522;621;901;1412;769;643;26581;13196;13385;1796;786;1010;4523;2099;2424;629;299;330;3473;1749;1724;348;132;216;1020;494;526;1691;879;812;7711;4106;3605;2089;959;1130;618;275;343;1347;634;713;1336;784;552;29505;14485;15020;1552;718;834;5105;2259;2846;700;309;391;3820;1958;1862;388;157;231;1100;526;574;1961;997;964;8753;4596;4157;2307;1033;1274;711;326;385;1640;788;852;1468;818;650;26935;13218;13717;1405;670;735;4650;2172;2478;671;284;387;3300;1635;1665;619;282;337;1021;497;524;1766;931;835;7749;4035;3714;2224;975;1249;638;313;325;1505;660;845;1387;764;623;28084;13268;14816;1514;695;819;4940;2117;2823;680;286;394;3476;1659;1817;599;253;346;992;435;557;1902;981;921;8183;4143;4040;2218;968;1250;639;279;360;1460;671;789;1481;781;700;28336;13164;15172;1470;628;842;4670;1965;2705;681;272;409;3704;1685;2019;610;281;329;996;435;561;1928;926;1002;8455;4212;4243;2153;966;1187;641;292;349;1481;689;792;1547;813;734;28353;13142;15211;1405;595;810;4323;1847;2476;749;292;457;3942;1784;2158;591;287;304;998;431;567;1878;865;1013;8611;4317;4294;2162;1019;1143;625;252;373;1448;633;815;1621;820;801;30391;14495;15896;1410;613;797;4685;1994;2691;864;332;532;4130;1911;2219;617;283;334;1035;450;585;2095;1040;1055;9160;4818;4342;2369;1120;1249;721;341;380;1589;722;867;1716;871;845;29892;13970;15922;1591;602;989;4741;2034;2707;812;290;522;3960;1969;1991;599;286;313;962;416;546;1991;977;1014;9013;4506;4507;2380;1056;1324;689;316;373;1502;683;819;1652;835;817
3;4;30012;14010;16002;1553;850;703;4995;2323;2672;1106;495;611;4954;2226;2728;501;208;293;916;452;464;2155;1006;1149;7344;3665;3679;2611;1069;1542;696;336;360;1829;767;1062;1352;613;739;28538;13906;14632;1677;934;743;4763;2313;2450;861;425;436;4226;1881;2345;469;213;256;901;430;471;1799;913;886;7436;3886;3550;2596;1154;1442;749;365;384;1570;655;915;1491;737;754;27700;13394;14306;1602;827;775;4248;2023;2225;800;396;404;4217;1872;2345;422;185;237;940;449;491;1733;917;816;7417;3869;3548;2692;1157;1535;660;308;352;1503;649;854;1466;742;724;26679;12973;13706;1595;822;773;4201;2011;2190;845;392;453;3977;1813;2164;431;205;226;913;447;466;1795;975;820;7196;3650;3546;2238;1018;1220;641;270;371;1579;735;844;1268;635;633;26182;12240;13942;1434;689;745;4280;2028;2252;768;317;451;3669;1692;1977;415;168;247;908;427;481;1799;898;901;7231;3547;3684;2231;941;1290;680;277;403;1425;596;829;1342;660;682;26708;12602;14106;1506;745;761;4176;2004;2172;773;356;417;3827;1768;2059;416;170;246;963;463;500;1690;838;852;7560;3651;3909;2369;979;1390;660;311;349;1496;659;837;1272;658;614;27071;12749;14322;1471;730;741;4138;1950;2188;706;299;407;3827;1698;2129;610;262;348;971;445;526;1820;924;896;7633;3777;3856;2280;946;1334;637;288;349;1586;697;889;1392;733;659;26903;12502;14401;1528;725;803;4299;1969;2330;664;271;393;3625;1579;2046;644;278;366;1006;467;539;1801;952;849;7560;3704;3856;2251;928;1323;665;281;384;1484;632;852;1376;716;660;27809;12792;15017;1560;729;831;4145;1912;2233;776;328;448;3774;1587;2187;608;260;348;942;419;523;1934;933;1001;8152;3942;4210;2178;951;1227;639;282;357;1569;657;912;1532;792;740;29163;13187;15976;1634;734;900;4362;2010;2352;782;280;502;3946;1666;2280;660;274;386;996;435;561;1955;927;1028;8637;4091;4546;2324;1015;1309;649;264;385;1628;670;958;1590;821;769;30302;14020;16282;1546;677;869;4517;2111;2406;868;312;556;4234;1886;2348;649;265;384;977;469;508;2182;1134;1048;8940;4268;4672;2426;1058;1368;683;302;381;1635;712;923;1645;826;819;29459;13476;15983;1615;740;875;4336;2072;2264;897;334;563;3799;1702;2097;614;266;348;938;443;495;1916;919;997;8662;4090;4572;2507;1108;1399;717;302;415;1818;751;1067;1640;749;891
4;5;29430;15477;13953;1334;850;484;4500;2460;2040;1101;623;478;4720;2384;2336;504;263;241;855;449;406;2057;1137;920;7760;4086;3674;2857;1394;1463;704;338;366;1760;835;925;1278;658;620;28405;14561;13844;1562;949;613;4304;2399;1905;901;513;388;4557;2075;2482;521;239;282;924;501;423;1869;1011;858;7538;3839;3699;2470;1197;1273;726;376;350;1603;727;876;1430;735;695;27207;13818;13389;1533;905;628;3876;2066;1810;891;469;422;4316;1997;2319;433;202;231;873;449;424;1725;978;747;7369;3688;3681;2539;1193;1346;663;349;314;1618;795;823;1371;727;644;26729;13033;13696;1477;807;670;3844;1938;1906;857;444;413;4184;1884;2300;402;187;215;788;365;423;1766;934;832;7528;3627;3901;2306;1066;1240;646;310;336;1616;787;829;1315;684;631;27101;13327;13774;1625;920;705;3932;1994;1938;888;457;431;3897;1799;2098;443;189;254;814;407;407;1921;1040;881;7817;3797;4020;2322;1042;1280;656;316;340;1543;713;830;1243;653;590;27328;13724;13604;1579;882;697;3915;1997;1918;973;522;451;3959;1836;2123;482;223;259;835;424;411;1934;1057;877;7841;3884;3957;2224;1091;1133;693;364;329;1601;743;858;1292;701;591;26598;13376;13222;1488;813;675;3759;1939;1820;850;427;423;3785;1739;2046;564;255;309;857;462;395;1822;1022;800;7711;3850;3861;2345;1109;1236;645;337;308;1535;698;837;1237;725;512;26716;13350;13366;1498;793;705;3716;1981;1735;808;361;447;3836;1795;2041;561;268;293;883;483;400;1809;999;810;7882;3890;3992;2327;1097;1230;674;312;362;1483;700;783;1239;671;568;28325;13922;14403;1731;925;806;4090;2131;1959;776;367;409;3907;1817;2090;589;262;327;880;464;416;1901;1005;896;8161;3990;4171;2485;1073;1412;660;293;367;1701;811;890;1444;784;660;29010;13741;15269;1749;922;827;4175;2046;2129;810;332;478;4108;1810;2298;583;241;342;955;472;483;2024;1074;950;8415;3915;4500;2487;1095;1392;607;299;308;1639;782;857;1458;753;705;29846;14543;15303;1550;828;722;4400;2202;2198;885;398;487;4352;1971;2381;632;278;354;1007;514;493;2065;1078;987;8440;4083;4357;2553;1180;1373;670;351;319;1730;841;889;1562;819;743;29029;14256;14773;1599;773;826;4094;2089;2005;868;397;471;3983;1844;2139;571;233;338;927;477;450;2023;1100;923;8354;4122;4232;2527;1220;1307;723;366;357;1825;876;949;1535;759;776
5;6;29677;16959;12718;1466;995;471;4470;2621;1849;1160;685;475;4519;2519;2000;466;267;199;947;549;398;2192;1352;840;7712;4241;3471;2827;1558;1269;693;411;282;1820;972;848;1405;789;616;29140;15881;13259;1546;1017;529;4340;2523;1817;1024;642;382;4363;2211;2152;471;236;235;900;486;414;2046;1201;845;7930;4108;3822;2515;1278;1237;771;418;353;1741;887;854;1493;874;619;27599;14477;13122;1421;915;506;3959;2167;1792;892;498;394;4274;2078;2196;440;194;246;771;405;366;1876;1106;770;7680;3866;3814;2499;1263;1236;662;338;324;1665;842;823;1460;805;655;26874;14285;12589;1468;938;530;3856;2041;1815;971;549;422;4171;2019;2152;465;225;240;752;399;353;1803;1088;715;7488;3889;3599;2345;1205;1140;617;331;286;1607;850;757;1331;751;580;26741;14395;12346;1497;954;543;3697;1964;1733;1029;570;459;3976;1979;1997;462;230;232;702;391;311;1879;1145;734;7728;4044;3684;2335;1209;1126;600;349;251;1571;806;765;1265;754;511;27120;14799;12321;1549;1012;537;3650;2052;1598;965;532;433;3981;1976;2005;416;203;213;791;444;347;1857;1077;780;7963;4287;3676;2380;1248;1132;648;363;285;1608;827;781;1312;778;534;26413;14345;12068;1477;940;537;3614;1991;1623;906;505;401;3680;1890;1790;536;246;290;779;446;333;1743;992;751;7811;4146;3665;2336;1231;1105;583;336;247;1628;885;743;1320;737;583;27248;14746;12502;1544;984;560;3866;2196;1670;907;484;423;3917;1979;1938;542;257;285;851;457;394;1928;1123;805;7831;4118;3713;2357;1229;1128;616;345;271;1593;862;731;1296;712;584;27713;14804;12909;1588;1017;571;3882;2126;1756;828;437;391;3997;1989;2008;558;259;299;871;497;374;1862;1080;782;7948;4153;3795;2432;1215;1217;527;301;226;1710;893;817;1510;837;673;28534;15083;13451;1505;932;573;3936;2147;1789;916;483;433;4129;2030;2099;541;279;262;913;499;414;2021;1142;879;8198;4237;3961;2524;1251;1273;626;350;276;1748;922;826;1477;811;666;30018;16377;13641;1608;960;648;4169;2375;1794;945;505;440;4326;2186;2140;559;302;257;871;492;379;2249;1341;908;8411;4506;3905;2774;1425;1349;700;415;285;1938;1062;876;1468;808;660;29132;15568;13564;1595;938;657;4150;2353;1797;906;469;437;4060;1964;2096;583;300;283;893;480;413;2125;1268;857;8274;4278;3996;2622;1322;1300;689;372;317;1805;1022;783;1430;802;628
6;7;29879;17813;12066;1524;1077;447;4604;2867;1737;1240;769;471;4206;2529;1677;481;306;175;834;494;340;2197;1421;776;8017;4373;3644;2802;1657;1145;661;380;281;1896;1097;799;1417;843;574;28424;16552;11872;1436;925;511;4387;2684;1703;1070;692;378;4081;2290;1791;422;241;181;744;412;332;1982;1254;728;7960;4336;3624;2564;1472;1092;685;390;295;1665;982;683;1428;874;554;27682;15982;11700;1396;945;451;4107;2367;1740;943;575;368;4016;2196;1820;463;240;223;738;414;324;1965;1237;728;7806;4391;3415;2482;1420;1062;611;324;287;1698;1009;689;1457;864;593;27453;15861;11592;1371;920;451;3853;2179;1674;990;614;376;3892;2161;1731;463;249;214;746;422;324;1945;1249;696;8066;4543;3523;2397;1342;1055;602;355;247;1653;949;704;1475;878;597;26739;15214;11525;1370;938;432;3673;2022;1651;975;567;408;3919;2065;1854;384;206;178;722;431;291;1851;1166;685;7873;4424;3449;2401;1314;1087;523;328;195;1639;935;704;1409;818;591;26786;15537;11249;1315;872;443;3673;2101;1572;984;604;380;3927;2220;1707;411;246;165;722;468;254;1823;1179;644;8023;4503;3520;2317;1267;1050;585;347;238;1579;915;664;1427;815;612;26564;15265;11299;1381;916;465;3676;2121;1555;889;500;389;3832;2101;1731;546;321;225;795;494;301;1731;1048;683;7863;4447;3416;2318;1263;1055;580;338;242;1569;883;686;1384;833;551;27200;15749;11451;1448;977;471;3974;2324;1650;939;552;387;3791;2088;1703;510;297;213;832;524;308;1849;1141;708;7597;4292;3305;2509;1347;1162;608;373;235;1729;991;738;1414;843;571;28162;16290;11872;1460;985;475;4019;2387;1632;967;556;411;4011;2202;1809;518;313;205;887;506;381;1915;1151;764;8005;4541;3464;2520;1379;1141;591;364;227;1766;979;787;1503;927;576;28767;16566;12201;1441;934;507;3921;2238;1683;986;558;428;4148;2311;1837;533;304;229;883;559;324;2062;1247;815;8440;4763;3677;2511;1349;1162;603;362;241;1691;1015;676;1548;926;622;30481;17560;12921;1532;980;552;4335;2506;1829;1050;656;394;4349;2408;1941;514;314;200;905;541;364;2276;1425;851;8732;4816;3916;2727;1531;1196;647;402;245;1909;1127;782;1505;854;651;29321;16750;12571;1524;995;529;4039;2423;1616;1042;611;431;4110;2201;1909;577;327;250;862;486;376;2012;1234;778;8475;4554;3921;2783;1582;1201;670;408;262;1724;1051;673;1503;878;625
7;8;30186;18772;11414;1521;1053;468;4948;3221;1727;1198;797;401;4065;2564;1501;516;335;181;754;466;288;2085;1384;701;8253;4658;3595;2862;1794;1068;715;425;290;1816;1177;639;1453;898;555;28503;17479;11024;1361;960;401;4394;2790;1604;1096;721;375;3718;2297;1421;437;271;166;829;503;326;1964;1276;688;8277;4748;3529;2529;1522;1007;703;435;268;1706;1045;661;1489;911;578;28051;16848;11203;1276;893;383;3890;2309;1581;1050;669;381;3902;2406;1496;438;265;173;803;515;288;1961;1232;729;8334;4775;3559;2589;1523;1066;570;350;220;1689;991;698;1549;920;629;26860;16194;10666;1270;874;396;3825;2301;1524;1011;645;366;3599;2222;1377;424;270;154;719;454;265;1842;1139;703;7986;4591;3395;2535;1466;1069;571;387;184;1629;968;661;1449;877;572;26342;15840;10502;1324;920;404;3533;2114;1419;991;645;346;3612;2138;1474;444;271;173;691;425;266;1832;1193;639;7706;4424;3282;2524;1442;1082;574;391;183;1680;994;686;1431;883;548;26908;16166;10742;1342;911;431;3794;2287;1507;970;611;359;3713;2196;1517;425;272;153;737;444;293;1807;1142;665;8062;4685;3377;2456;1415;1041;576;378;198;1633;979;654;1393;846;547;27103;16467;10636;1293;882;411;3779;2321;1458;960;600;360;3959;2358;1601;480;321;159;770;476;294;1841;1159;682;7897;4646;3251;2415;1423;992;585;397;188;1696;1014;682;1428;870;558;27110;16324;10786;1286;872;414;3967;2349;1618;953;591;362;3830;2321;1509;510;351;159;813;518;295;1816;1135;681;7891;4541;3350;2472;1466;1006;594;379;215;1593;968;625;1385;833;552;28229;16976;11253;1275;858;417;3979;2451;1528;957;601;356;3842;2269;1573;468;311;157;827;513;314;1946;1209;737;8332;4694;3638;2675;1623;1052;613;400;213;1827;1122;705;1488;925;563;29023;17231;11792;1344;863;481;4040;2416;1624;1037;636;401;3872;2273;1599;516;339;177;859;531;328;2026;1283;743;8782;5046;3736;2690;1562;1128;632;405;227;1721;995;726;1504;882;622;29785;17742;12043;1517;1002;515;4027;2402;1625;1088;681;407;4021;2421;1600;508;315;193;804;463;341;2206;1404;802;8794;4968;3826;2822;1693;1129;665;427;238;1823;1109;714;1510;857;653;29420;17239;12181;1484;1006;478;4080;2491;1589;1021;622;399;4023;2251;1772;553;325;228;828;496;332;2092;1324;768;8874;4810;4064;2749;1649;1100;598;406;192;1691;1004;687;1427;855;572
8;9;29995;19089;10906;1464;996;468;4724;3171;1553;1154;818;336;3886;2576;1310;419;286;133;889;550;339;2076;1384;692;8503;4861;3642;2793;1805;988;617;391;226;1890;1271;619;1580;980;600;28122;17520;10602;1282;841;441;4183;2634;1549;1098;758;340;3552;2241;1311;359;249;110;765;471;294;1878;1249;629;8342;4904;3438;2693;1711;982;698;445;253;1787;1123;664;1485;894;591;27389;16843;10546;1200;806;394;3824;2295;1529;1085;726;359;3552;2216;1336;415;281;134;662;398;264;1902;1237;665;8173;4769;3404;2724;1739;985;602;394;208;1676;1030;646;1574;952;622;26631;16307;10324;1243;817;426;3652;2221;1431;1113;778;335;3572;2188;1384;399;269;130;723;452;271;1823;1165;658;8031;4610;3421;2462;1577;885;557;366;191;1590;994;596;1466;870;596;26804;16341;10463;1344;887;457;3600;2196;1404;973;649;324;3573;2150;1423;393;268;125;730;442;288;1802;1136;666;8130;4704;3426;2636;1629;1007;536;372;164;1606;1005;601;1481;903;578;27199;16495;10704;1248;793;455;3657;2230;1427;986;682;304;3610;2214;1396;414;280;134;713;430;283;1829;1133;696;8367;4824;3543;2615;1635;980;602;396;206;1716;1024;692;1442;854;588;26334;15760;10574;1186;794;392;3641;2208;1433;1010;655;355;3419;2092;1327;460;314;146;738;443;295;1748;1064;684;8058;4525;3533;2502;1522;980;530;337;193;1672;1006;666;1370;800;570;27055;16286;10769;1229;806;423;3886;2363;1523;988;677;311;3428;2105;1323;420;272;148;725;450;275;1877;1155;722;8177;4555;3622;2610;1613;997;634;427;207;1712;1042;670;1369;821;548;27953;16879;11074;1187;785;402;3929;2435;1494;975;627;348;3710;2244;1466;449;301;148;789;492;297;1944;1225;719;8494;4757;3737;2714;1688;1026;610;412;198;1760;1074;686;1392;839;553;28790;17038;11752;1234;796;438;3890;2420;1470;1004;644;360;3753;2270;1483;441;288;153;787;476;311;2058;1265;793;9183;4975;4208;2774;1704;1070;567;378;189;1682;997;685;1417;825;592;30183;18015;12168;1303;843;460;4130;2532;1598;1056;653;403;3821;2393;1428;500;317;183;794;470;324;2135;1324;811;9503;5227;4276;2936;1815;1121;622;402;220;1872;1163;709;1511;876;635;29337;17386;11951;1422;949;473;4153;2538;1615;1018;651;367;3719;2180;1539;553;320;233;728;430;298;2009;1203;806;9160;5060;4100;2863;1786;1077;597;383;214;1713;1042;671;1402;844;558
9;10;29405;18634;10771;1334;888;446;4353;2888;1465;1029;711;318;3808;2482;1326;416;277;139;767;509;258;2120;1366;754;8775;5088;3687;2750;1853;897;574;380;194;1823;1216;607;1656;976;680;28929;17758;11171;1295;783;512;4012;2498;1514;1043;740;303;3824;2421;1403;424;273;151;760;463;297;2041;1290;751;8820;5061;3759;2689;1721;968;610;402;208;1831;1174;657;1580;932;648;27754;16721;11033;1232;761;471;3720;2248;1472;1024;690;334;3606;2257;1349;418;252;166;762;441;321;1941;1205;736;8455;4824;3631;2741;1761;980;602;372;230;1735;1048;687;1518;862;656;26954;16192;10762;1183;742;441;3619;2234;1385;988;663;325;3460;2161;1299;361;226;135;738;429;309;1883;1160;723;8591;4807;3784;2495;1564;931;556;351;205;1651;1036;615;1429;819;610;26631;15808;10823;1202;734;468;3626;2161;1465;1021;706;315;3343;2043;1300;364;212;152;652;390;262;1890;1191;699;8421;4657;3764;2540;1595;945;577;374;203;1700;1014;686;1295;731;564;27006;16112;10894;1167;732;435;3728;2257;1471;1065;743;322;3498;2166;1332;363;214;149;685;403;282;1846;1133;713;8661;4763;3898;2399;1508;891;597;389;208;1682;1042;640;1315;762;553;26721;15851;10870;1190;755;435;3668;2170;1498;916;616;300;3506;2139;1367;492;299;193;701;413;288;1761;1073;688;8538;4742;3796;2405;1494;911;576;371;205;1657;1018;639;1311;761;550;27017;15995;11022;1217;781;436;3679;2238;1441;1018;667;351;3301;2049;1252;481;288;193;718;420;298;1839;1089;750;8605;4786;3819;2563;1585;978;563;368;195;1693;1004;689;1340;720;620;28137;16461;11676;1208;748;460;3862;2295;1567;939;608;331;3461;2086;1375;469;264;205;759;455;304;1897;1132;765;9099;4997;4102;2668;1673;995;568;365;203;1755;1040;715;1452;798;654;28739;16913;11826;1221;781;440;3865;2308;1557;991;616;375;3595;2163;1432;438;247;191;796;459;337;1940;1220;720;9355;5220;4135;2822;1771;1051;577;365;212;1656;966;690;1483;797;686;30369;17988;12381;1307;868;439;4226;2531;1695;1042;689;353;3711;2280;1431;499;276;223;800;442;358;2055;1281;774;9757;5313;4444;3009;1935;1074;643;430;213;1785;1100;685;1535;843;692;29378;17235;12143;1250;786;464;4129;2463;1666;960;628;332;3673;2218;1455;516;312;204;768;434;334;1980;1205;775;9323;5024;4299;3048;1984;1064;591;361;230;1724;1022;702;1416;798;618
10;11;30121;18319;11802;1190;723;467;4239;2627;1612;971;674;297;3884;2495;1389;435;276;159;771;449;322;2149;1351;798;9438;5280;4158;2772;1738;1034;599;397;202;2050;1336;714;1623;973;650;28248;16714;11534;1147;683;464;3879;2290;1589;914;602;312;3651;2307;1344;401;235;166;784;457;327;1976;1233;743;9003;4893;4110;2493;1551;942;651;419;232;1805;1140;665;1544;904;640;27166;15842;11324;1128;698;430;3730;2174;1556;978;644;334;3463;2097;1366;400;228;172;676;388;288;1871;1145;726;8804;4796;4008;2350;1492;858;578;360;218;1705;1013;692;1483;807;676;26956;15901;11055;1120;679;441;3642;2145;1497;1031;693;338;3290;2005;1285;375;213;162;692;415;277;1813;1124;689;9032;5015;4017;2360;1508;852;577;379;198;1622;957;665;1402;768;634;26590;15287;11303;1025;616;409;3548;2016;1532;1049;671;378;3265;1966;1299;402;214;188;607;329;278;1747;1064;683;9016;4856;4160;2413;1471;942;522;334;188;1682;1042;640;1314;708;606;26644;15421;11223;1090;648;442;3543;2112;1431;968;645;323;3266;1956;1310;369;196;173;663;364;299;1834;1129;705;8979;4863;4116;2466;1506;960;548;362;186;1578;932;646;1340;708;632;27078;15680;11398;1140;674;466;3595;2142;1453;986;626;360;3344;2035;1309;473;252;221;710;411;299;1921;1148;773;8781;4755;4026;2532;1538;994;556;372;184;1666;1014;652;1374;713;661;27195;15821;11374;1065;636;429;3720;2233;1487;1001;665;336;3269;1983;1286;435;230;205;678;393;285;1893;1148;745;8997;4881;4116;2611;1621;990;525;333;192;1631;969;662;1370;729;641;27832;16338;11494;1057;644;413;3734;2252;1482;956;637;319;3477;2184;1293;450;235;215;682;408;274;1931;1103;828;9203;5048;4155;2724;1695;1029;536;326;210;1671;1039;632;1411;767;644;28940;16959;11981;1088;664;424;3952;2384;1568;1010;650;360;3604;2228;1376;436;233;203;734;414;320;1881;1140;741;9766;5340;4426;2856;1793;1063;573;352;221;1592;958;634;1448;803;645;30462;17740;12722;1232;749;483;4131;2426;1705;1028;698;330;3655;2232;1423;466;259;207;806;457;349;2060;1250;810;9976;5325;4651;3079;1998;1081;662;429;233;1847;1121;726;1520;796;724;29756;17308;12448;1208;733;475;4080;2441;1639;1034;724;310;3576;2155;1421;478;268;210;733;393;340;2057;1254;803;9903;5274;4629;3041;1986;1055;564;340;224;1662;977;685;1420;763;657
11;12;29958;17276;12682;1136;675;461;4210;2421;1789;991;631;360;3658;2211;1447;402;232;170;846;481;365;2104;1296;808;9836;5299;4537;2611;1620;991;602;389;213;1804;1038;766;1758;983;775;28652;16662;11990;1095;645;450;3941;2262;1679;946;605;341;3517;2166;1351;364;207;157;702;401;301;1980;1258;722;9669;5193;4476;2473;1534;939;605;393;212;1758;1104;654;1602;894;708;27883;16059;11824;1037;599;438;3612;2044;1568;944;609;335;3374;2089;1285;393;229;164;649;376;273;1956;1238;718;9513;5075;4438;2499;1568;931;543;354;189;1718;1002;716;1645;876;769;27034;15202;11832;1134;648;486;3579;1990;1589;939;607;332;3232;1914;1318;383;198;185;583;320;263;1839;1147;692;9267;4846;4421;2493;1527;966;524;332;192;1617;946;671;1444;727;717;26488;15118;11370;991;527;464;3341;1930;1411;961;638;323;3212;1928;1284;373;229;144;551;297;254;1791;1079;712;9312;4985;4327;2536;1599;937;469;292;177;1553;922;631;1398;692;706;27020;15697;11323;1008;559;449;3582;2157;1425;975;641;334;3328;2056;1272;363;207;156;618;352;266;1749;1051;698;9487;5182;4305;2458;1529;929;528;333;195;1560;951;609;1364;679;685;26461;15457;11004;979;574;405;3467;2044;1423;934;631;303;3256;2095;1161;373;206;167;680;376;304;1808;1074;734;9075;4892;4183;2518;1618;900;525;339;186;1502;924;578;1344;684;660;27162;15735;11427;1040;608;432;3562;2104;1458;924;596;328;3215;2009;1206;381;188;193;635;355;280;1914;1154;760;9341;5010;4331;2644;1681;963;536;333;203;1574;979;595;1396;718;678;28171;16288;11883;1092;636;456;3559;2079;1480;930;585;345;3449;2100;1349;389;209;180;691;405;286;1960;1176;784;9783;5327;4456;2752;1741;1011;525;318;207;1652;995;657;1389;717;672;28592;16668;11924;1075;614;461;3748;2217;1531;991;657;334;3471;2128;1343;420;238;182;715;438;277;1953;1208;745;9953;5429;4524;2801;1775;1026;518;318;200;1498;880;618;1449;766;683;30231;17445;12786;1140;669;471;4192;2474;1718;991;644;347;3601;2141;1460;428;232;196;736;404;332;2052;1270;782;10358;5542;4816;3005;1898;1107;576;357;219;1701;1012;689;1451;802;649;29071;16929;12142;1064;646;418;3969;2406;1563;985;681;304;3389;2093;1296;432;247;185;701;392;309;1987;1193;794;10126;5430;4696;2855;1824;1031;590;366;224;1618;918;700;1355;733;622
12;13;29686;16957;12729;1065;610;455;4011;2271;1740;828;499;329;3440;2073;1367;411;229;182;660;384;276;1937;1164;773;10687;5836;4851;2512;1556;956;653;412;241;1674;967;707;1808;956;852;28589;16500;12089;988;563;425;3731;2133;1598;854;523;331;3389;2033;1356;422;235;187;605;354;251;1902;1147;755;10272;5628;4644;2402;1520;882;551;365;186;1784;1074;710;1689;925;764;27357;15374;11983;988;557;431;3460;1874;1586;878;550;328;3271;1976;1295;405;225;180;630;371;259;1911;1161;750;9663;5106;4557;2494;1522;972;506;299;207;1594;921;673;1557;812;745;26881;15238;11643;1015;568;447;3344;1881;1463;849;550;299;3180;1940;1240;346;194;152;607;323;284;1767;1027;740;9855;5333;4522;2471;1514;957;507;325;182;1518;882;636;1422;701;721;27062;15278;11784;958;527;431;3369;1853;1516;888;555;333;3301;1957;1344;353;198;155;571;287;284;1646;945;701;10012;5510;4502;2498;1549;949;475;277;198;1621;974;647;1370;646;724;27371;15699;11672;967;566;401;3517;2011;1506;912;616;296;3258;1999;1259;319;173;146;627;332;295;1764;1048;716;10048;5467;4581;2551;1612;939;478;298;180;1549;915;634;1381;662;719;26651;15556;11095;942;565;377;3415;1942;1473;907;615;292;3142;1980;1162;373;211;162;585;331;254;1883;1160;723;9537;5285;4252;2593;1609;984;464;294;170;1492;894;598;1318;670;648;27041;15642;11399;1010;596;414;3454;2032;1422;967;662;305;3138;1903;1235;347;191;156;644;362;282;1925;1176;749;9437;5082;4355;2732;1714;1018;482;297;185;1598;950;648;1307;677;630;28304;16628;11676;996;589;407;3661;2131;1530;967;643;324;3373;2127;1246;360;204;156;674;381;293;2076;1321;755;9839;5433;4406;2806;1784;1022;527;317;210;1641;992;649;1384;706;678;28862;16846;12016;1026;605;421;3716;2202;1514;962;649;313;3429;2126;1303;386;198;188;713;399;314;2013;1212;801;10336;5740;4596;2871;1795;1076;520;321;199;1505;869;636;1385;730;655;30006;17523;12483;1108;671;437;3899;2343;1556;1015;682;333;3463;2158;1305;435;246;189;674;384;290;2115;1283;832;10650;5824;4826;2958;1866;1092;532;294;238;1655;949;706;1502;823;679;29306;17146;12160;1064;646;418;3864;2425;1439;1016;659;357;3327;2089;1238;415;236;179;700;402;298;1905;1166;739;10635;5680;4955;2944;1858;1086;546;330;216;1428;840;588;1462;815;647
13;14;29754;16697;13057;1080;551;529;3921;2185;1736;782;458;324;3202;1855;1347;445;265;180;622;346;276;1884;1078;806;11239;6098;5141;2437;1441;996;633;397;236;1694;988;706;1815;1035;780;28589;16115;12474;1031;516;515;3712;2061;1651;839;490;349;3277;1926;1351;453;242;211;634;362;272;1938;1157;781;10404;5637;4767;2413;1482;931;590;368;222;1594;936;658;1704;938;766;27695;15470;12225;995;517;478;3479;1868;1611;876;556;320;3259;1903;1356;418;235;183;590;323;267;1857;1104;753;10171;5467;4704;2490;1523;967;527;312;215;1545;890;655;1488;772;716;26822;15135;11687;977;516;461;3424;1861;1563;864;542;322;3047;1731;1316;362;196;166;538;305;233;1734;1012;722;10214;5705;4509;2312;1401;911;465;284;181;1500;884;616;1385;698;687;26451;14836;11615;915;458;457;3148;1673;1475;833;546;287;3175;1891;1284;385;215;170;500;272;228;1716;988;728;10213;5622;4591;2360;1437;923;430;262;168;1440;826;614;1336;646;690;27068;15430;11638;993;530;463;3325;1830;1495;889;561;328;3148;1881;1267;325;174;151;577;329;248;1747;1032;715;10309;5747;4562;2483;1541;942;460;269;191;1444;819;625;1368;717;651;26740;15312;11428;971;543;428;3289;1787;1502;831;539;292;3097;1891;1206;421;208;213;578;323;255;1826;1085;741;9867;5471;4396;2564;1629;935;470;281;189;1497;883;614;1329;672;657;27210;15550;11660;976;538;438;3396;1913;1483;821;527;294;3040;1807;1233;361;179;182;650;356;294;2024;1220;804;10027;5507;4520;2539;1585;954;486;282;204;1549;942;607;1341;694;647;28064;15999;12065;1008;563;445;3512;1962;1550;866;570;296;3188;1958;1230;397;185;212;645;343;302;2043;1224;819;10363;5663;4700;2603;1620;983;478;271;207;1563;932;631;1398;708;690;28830;16676;12154;1030;594;436;3711;2102;1609;950;629;321;3321;2052;1269;386;199;187;680;395;285;1994;1196;798;10825;6051;4774;2591;1642;949;462;259;203;1495;846;649;1385;711;674;30330;17606;12724;1074;610;464;3909;2229;1680;947;616;331;3466;2169;1297;402;207;195;730;394;336;2144;1302;842;11291;6276;5015;2862;1826;1036;480;297;183;1582;908;674;1443;772;671;29412;16821;12591;951;527;424;4003;2318;1685;973;637;336;3212;1969;1243;431;222;209;663;360;303;1938;1129;809;11024;5986;5038;2809;1783;1026;476;280;196;1428;789;639;1504;821;683
14;15;30028;16489;13539;1061;548;513;3840;2067;1773;781;418;363;3267;1822;1445;484;265;219;703;388;315;2003;1130;873;11650;6314;5336;2297;1335;962;500;298;202;1614;888;726;1828;1016;812;28539;15977;12562;1025;551;474;3744;2018;1726;728;435;293;3084;1774;1310;458;270;188;670;369;301;1858;1074;784;10952;5990;4962;2245;1334;911;547;321;226;1566;896;670;1662;945;717;27577;15126;12451;976;504;472;3563;1848;1715;769;449;320;3052;1719;1333;433;234;199;600;347;253;1787;1022;765;10548;5639;4909;2333;1393;940;475;282;193;1488;857;631;1553;832;721;26877;14854;12023;976;519;457;3497;1834;1663;764;467;297;2890;1659;1231;387;198;189;548;307;241;1689;966;723;10459;5688;4771;2296;1332;964;420;235;185;1470;818;652;1481;831;650;26596;14418;12178;903;455;448;3310;1675;1635;734;414;320;2959;1689;1270;353;186;167;517;248;269;1740;955;785;10626;5808;4818;2290;1328;962;425;210;215;1440;804;636;1299;646;653;26843;14942;11901;937;514;423;3348;1744;1604;676;405;271;2980;1720;1260;364;170;194;525;276;249;1736;994;742;10538;5845;4693;2364;1423;941;471;244;227;1456;836;620;1448;771;677;26839;15006;11833;921;504;417;3329;1767;1562;748;445;303;2957;1728;1229;396;192;204;568;306;262;1844;1055;789;10431;5773;4658;2431;1464;967;481;261;220;1437;828;609;1296;683;613;26833;14625;12208;926;521;405;3395;1715;1680;704;419;285;2877;1633;1244;401;181;220;599;315;284;1838;1063;775;10402;5575;4827;2365;1400;965;443;246;197;1484;843;641;1399;714;685;27815;15275;12540;995;544;451;3453;1768;1685;767;466;301;3064;1785;1279;396;182;214;628;325;303;1883;1114;769;10885;5885;5000;2444;1454;990;455;260;195;1457;813;644;1388;679;709;28803;15700;13103;1041;547;494;3566;1859;1707;827;507;320;3215;1881;1334;405;176;229;697;344;353;1938;1103;835;11170;6033;5137;2666;1610;1056;441;229;212;1399;735;664;1438;676;762;30212;16445;13767;1041;534;507;3802;2046;1756;860;514;346;3264;1859;1405;407;188;219;734;382;352;2057;1117;940;11838;6382;5456;2696;1613;1083;468;236;232;1554;849;705;1491;725;766;29527;16246;13281;968;491;477;3703;1988;1715;724;454;270;3154;1868;1286;408;219;189;637;342;295;2114;1203;911;11863;6317;5546;2634;1590;1044;427;220;207;1410;747;663;1485;807;678
15;16;29754;16195;13559;1055;551;504;4000;2015;1985;725;371;354;3180;1854;1326;467;251;216;674;390;284;1735;972;763;11759;6339;5420;2275;1226;1049;527;287;240;1571;870;701;1786;1069;717;28497;15337;13160;1007;509;498;3866;1997;1869;670;324;346;3051;1766;1285;448;236;212;570;330;240;1739;966;773;11129;5878;5251;2265;1238;1027;493;257;236;1569;857;712;1690;979;711;27769;14508;13261;980;486;494;3753;1899;1854;690;360;330;3069;1728;1341;447;224;223;627;369;258;1723;906;817;10684;5440;5244;2296;1253;1043;447;214;233;1532;837;695;1521;792;729;26835;13896;12939;968;465;503;3454;1665;1789;651;314;337;2858;1491;1367;365;199;166;607;347;260;1687;898;789;10659;5564;5095;2191;1187;1004;431;200;231;1487;794;693;1477;772;705;26712;13525;13187;915;398;517;3369;1590;1779;630;310;320;2945;1619;1326;343;174;169;553;295;258;1664;822;842;10848;5540;5308;2253;1215;1038;401;184;217;1420;718;702;1371;660;711;27175;14072;13103;920;433;487;3535;1738;1797;616;307;309;2954;1623;1331;336;168;168;593;306;287;1808;939;869;10851;5605;5246;2287;1274;1013;395;199;196;1479;772;707;1401;708;693;26542;13656;12886;913;453;460;3337;1620;1717;605;310;295;2910;1606;1304;379;175;204;596;310;286;1811;967;844;10555;5367;5188;2300;1266;1034;372;183;189;1448;768;680;1316;631;685;27296;13411;13885;1010;465;545;3426;1536;1890;719;361;358;2878;1485;1393;425;184;241;667;360;307;1926;1008;918;10589;5130;5459;2428;1306;1122;428;189;239;1444;737;707;1356;650;706;28211;14061;14150;962;432;530;3614;1676;1938;726;371;355;3020;1578;1442;407;194;213;718;373;345;1921;987;934;11036;5503;5533;2473;1301;1172;455;206;249;1454;741;713;1425;699;726;28957;14701;14256;980;493;487;3754;1714;2040;839;431;408;3108;1705;1403;415;202;213;671;342;329;1931;1022;909;11401;5762;5639;2590;1426;1164;460;212;248;1438;727;711;1370;665;705;29997;15385;14612;1070;538;532;3890;1895;1995;799;414;385;3098;1677;1421;447;211;236;729;367;362;2013;1018;995;11923;6104;5819;2534;1422;1112;489;226;263;1586;828;758;1419;685;734;29284;15259;14025;999;538;461;3759;1920;1839;744;406;338;2973;1648;1325;408;193;215;676;351;325;2015;1031;984;11973;6149;5824;2456;1348;1108;430;207;223;1431;748;683;1420;720;700
16;17;29839;14385;15454;987;446;541;3933;1820;2113;730;304;426;3349;1706;1643;450;226;224;668;336;332;1737;824;913;11760;5723;6037;2290;1075;1215;500;229;271;1672;760;912;1763;936;827;28516;13467;15049;974;408;566;3737;1632;2105;683;277;406;3300;1680;1620;409;215;194;668;325;343;1700;805;895;11030;5270;5760;2238;1040;1198;507;236;271;1619;719;900;1651;860;791;27560;12626;14934;932;398;534;3612;1498;2114;715;290;425;3096;1512;1584;438;224;214;649;310;339;1710;815;895;10659;4962;5697;2226;1042;1184;424;158;266;1527;646;881;1572;771;801;26960;12439;14521;894;382;512;3504;1442;2062;705;283;422;3012;1419;1593;389;186;203;608;263;345;1659;764;895;10617;5132;5485;2276;1072;1204;392;161;231;1415;610;805;1489;725;764;26748;12240;14508;863;347;516;3449;1364;2085;679;268;411;3022;1473;1549;376;175;201;557;227;330;1630;752;878;10668;5167;5501;2238;1057;1181;405;152;253;1467;638;829;1394;620;774;27029;12506;14523;894;380;514;3515;1432;2083;651;243;408;2921;1429;1492;308;139;169;571;259;312;1675;759;916;10922;5276;5646;2229;1089;1140;423;162;261;1483;693;790;1437;645;792;26695;12670;14025;885;363;522;3421;1420;2001;710;297;413;2849;1453;1396;361;141;220;592;262;330;1706;827;879;10629;5283;5346;2339;1180;1159;383;143;240;1413;664;749;1407;637;770;27033;12458;14575;970;414;556;3545;1466;2079;712;283;429;2950;1434;1516;397;152;245;705;317;388;1756;817;939;10353;4903;5450;2349;1161;1188;417;157;260;1460;682;778;1419;672;747;28059;13264;14795;994;432;562;3695;1567;2128;755;327;428;2955;1461;1494;414;152;262;715;328;387;1925;945;980;10891;5279;5612;2371;1182;1189;388;136;252;1536;749;787;1420;706;714;28757;14318;14439;937;401;536;3643;1674;1969;713;339;374;3027;1574;1453;426;172;254;676;334;342;1929;957;972;11510;5836;5674;2615;1440;1175;380;161;219;1482;748;734;1419;682;737;30309;14995;15314;1064;494;570;3948;1753;2195;763;348;415;3160;1606;1554;435;165;270;744;375;369;2041;1039;1002;12138;6166;5972;2526;1343;1183;413;177;236;1533;767;766;1544;762;782;29293;14079;15214;1025;445;580;3725;1643;2082;713;302;411;3007;1493;1514;425;172;253;808;417;391;1996;988;1008;11847;5803;6044;2407;1213;1194;465;198;267;1394;665;729;1481;740;741
17;18;29886;13468;16418;1042;381;661;3921;1558;2363;745;273;472;3272;1573;1699;478;226;252;725;324;401;1805;776;1029;11850;5560;6290;2361;1060;1301;464;203;261;1468;629;839;1755;905;850;28473;13051;15422;1006;366;640;3601;1434;2167;653;246;407;3109;1534;1575;425;184;241;705;316;389;1757;766;991;11461;5441;6020;2197;1035;1162;441;189;252;1435;655;780;1683;885;798;27553;12572;14981;996;372;624;3446;1362;2084;688;282;406;3123;1544;1579;413;206;207;641;284;357;1774;768;1006;10855;5098;5757;2205;1053;1152;396;161;235;1427;616;811;1589;826;763;27061;12757;14304;967;378;589;3203;1336;1867;652;287;365;2909;1466;1443;365;169;196;624;301;323;1712;763;949;11144;5384;5760;2136;1059;1077;388;159;229;1442;671;771;1519;784;735;26578;12933;13645;920;375;545;3135;1370;1765;600;264;336;2846;1526;1320;353;145;208;648;320;328;1658;728;930;11244;5619;5625;2091;1071;1020;351;137;214;1339;672;667;1393;706;687;26977;13357;13620;952;416;536;3128;1398;1730;621;287;334;2852;1531;1321;313;129;184;630;300;330;1725;799;926;11443;5841;5602;2167;1112;1055;344;147;197;1376;668;708;1426;729;697;26836;13413;13423;881;372;509;3156;1423;1733;581;261;320;2807;1492;1315;368;146;222;634;308;326;1745;796;949;11535;6026;5509;2104;1098;1006;329;145;184;1350;699;651;1346;647;699;27124;13918;13206;884;400;484;3198;1546;1652;566;276;290;2706;1469;1237;331;126;205;636;344;292;1770;874;896;11661;6056;5605;2246;1226;1020;322;154;168;1373;729;644;1431;718;713;28101;14733;13368;920;414;506;3219;1542;1677;560;277;283;2852;1611;1241;316;129;187;651;375;276;1752;883;869;12355;6557;5798;2291;1267;1024;330;158;172;1348;708;640;1507;812;695;28883;15820;13063;876;422;454;3262;1668;1594;573;299;274;2922;1752;1170;304;140;164;660;402;258;1851;962;889;13022;7119;5903;2365;1390;975;319;156;163;1296;703;593;1433;807;626;30185;16537;13648;968;468;500;3541;1864;1677;611;313;298;2882;1675;1207;329;155;174;664;407;257;2048;1106;942;13296;7231;6065;2455;1420;1035;353;179;174;1447;790;657;1591;929;662;29433;15805;13628;1025;499;526;3391;1736;1655;627;307;320;2871;1652;1219;317;140;177;707;421;286;2076;1111;965;12977;6910;6067;2242;1279;963;330;158;172;1289;637;652;1581;955;626
18;19;29830;15966;13864;903;438;465;3166;1621;1545;530;256;274;2847;1676;1171;343;168;175;617;351;266;1597;845;752;14338;7656;6682;2044;1071;973;353;167;186;1487;803;684;1605;914;691;28535;15509;13026;834;414;420;3072;1636;1436;520;265;255;2689;1591;1098;350;193;157;551;298;253;1572;833;739;13778;7411;6367;1961;1060;901;337;176;161;1382;772;610;1489;860;629;27666;15017;12649;787;381;406;3014;1619;1395;533;273;260;2720;1658;1062;343;179;164;590;319;271;1468;741;727;13225;7072;6153;1911;1046;865;295;143;152;1311;741;570;1469;845;624;26883;14871;12012;780;392;388;2887;1559;1328;524;275;249;2736;1723;1013;319;181;138;592;328;264;1507;754;753;12722;6957;5765;1874;1026;848;303;149;154;1316;766;550;1323;761;562;26709;14798;11911;759;393;366;2792;1502;1290;518;264;254;2614;1608;1006;287;164;123;580;325;255;1491;778;713;12904;7000;5904;1859;1083;776;270;139;131;1246;741;505;1389;801;588;27027;15100;11927;766;397;369;2803;1507;1296;514;259;255;2688;1697;991;245;125;120;603;367;236;1563;822;741;13099;7122;5977;1795;1053;742;264;138;126;1279;779;500;1408;834;574;26643;15153;11490;719;360;359;2689;1478;1211;511;264;247;2497;1558;939;271;135;136;643;396;247;1540;827;713;13090;7289;5801;1858;1123;735;261;137;124;1175;714;461;1389;872;517;27035;15327;11708;724;386;338;2662;1454;1208;516;283;233;2396;1486;910;248;130;118;640;393;247;1566;850;716;13474;7404;6070;1865;1145;720;237;124;113;1271;782;489;1436;890;546;28108;16160;11948;745;414;331;2817;1588;1229;519;271;248;2533;1603;930;275;149;126;623;377;246;1501;813;688;14189;7927;6262;1939;1187;752;235;130;105;1257;786;471;1475;915;560;28822;17124;11698;717;395;322;2873;1643;1230;543;303;240;2545;1682;863;285;150;135;646;410;236;1581;902;679;14738;8534;6204;1973;1256;717;231;127;104;1162;735;427;1528;987;541;30267;17789;12478;830;459;371;3191;1854;1337;535;280;255;2525;1604;921;272;137;135;642;401;241;1735;950;785;15329;8738;6591;2047;1310;737;247;139;108;1209;776;433;1705;1141;564;29288;17075;12213;828;467;361;3063;1809;1254;497;275;222;2328;1453;875;292;147;145;674;440;234;1809;997;812;15008;8406;6602;1942;1233;709;268;154;114;1037;623;414;1542;1071;471
19;20;29887;18739;11148;683;422;261;3018;1929;1089;501;300;201;2144;1409;735;338;211;127;605;423;182;1418;805;613;16366;9983;6383;1862;1256;606;251;167;84;1350;949;401;1351;885;466;28519;17822;10697;664;413;251;2790;1761;1029;454;271;183;2114;1388;726;320;198;122;551;388;163;1436;821;615;15651;9544;6107;1800;1212;588;235;159;76;1231;849;382;1273;818;455;27587;17268;10319;615;394;221;2651;1684;967;447;274;173;2074;1397;677;309;196;113;552;395;157;1470;828;642;14989;9091;5898;1823;1220;603;234;163;71;1181;826;355;1242;800;442;26921;16829;10092;617;398;219;2622;1659;963;471;282;189;2067;1387;680;277;167;110;570;413;157;1528;864;664;14464;8764;5700;1875;1289;586;214;149;65;1065;729;336;1151;728;423;26646;16674;9972;602;401;201;2592;1662;930;482;290;192;2033;1377;656;267;160;107;521;381;140;1549;873;676;14163;8503;5660;2094;1474;620;222;153;69;957;649;308;1164;751;413;27033;16969;10064;597;406;191;2567;1679;888;477;298;179;2065;1428;637;248;146;102;569;420;149;1588;899;689;14470;8622;5848;2087;1488;599;234;171;63;942;645;297;1189;767;422;26696;16836;9860;567;392;175;2477;1606;871;476;301;175;1895;1301;594;260;152;108;547;401;146;1577;890;687;14315;8583;5732;2141;1542;599;234;168;66;891;618;273;1316;882;434;27111;17048;10063;589;413;176;2497;1609;888;465;285;180;1827;1227;600;260;152;108;592;433;159;1542;887;655;14656;8761;5895;2178;1567;611;228;163;65;945;652;293;1332;899;433;28084;17422;10662;602;416;186;2723;1718;1005;493;312;181;1938;1299;639;262;158;104;599;421;178;1569;911;658;15232;8959;6273;2161;1542;619;219;154;65;934;631;303;1352;901;451;28831;17993;10838;632;429;203;2687;1715;972;507;321;186;1998;1319;679;257;157;100;646;458;188;1671;957;714;15647;9370;6277;2259;1589;670;223;148;75;940;628;312;1364;902;462;30180;18810;11370;645;442;203;2933;1861;1072;513;332;181;2016;1309;707;254;153;101;609;420;189;1871;1078;793;16539;9975;6564;2125;1489;636;232;156;76;1024;687;337;1419;908;511;29373;18391;10982;586;395;191;2703;1719;984;476;303;173;1775;1189;586;231;137;94;628;456;172;1864;1064;800;16772;10224;6548;2036;1426;610;226;155;71;874;580;294;1202;743;459
